,mean,std,max,min,variation,I,II,III,IV
I,7.500909090909093,2.031568135925815,10.84,4.26,4.127269090909091,1.0,0.7500053969583903,0.46871667865948896,-0.4891162237656908
II,7.500909090909091,2.0316567355016177,9.26,3.1,4.127629090909091,0.7500053969583903,1.0,0.5879193271081767,-0.478094850884099
III,7.500000000000001,2.030423601123667,12.74,5.39,4.12262,0.46871667865948896,0.5879193271081767,1.0,-0.15547178709691936
IV,7.50090909090909,2.0305785113876023,12.5,5.25,4.12324909090909,-0.4891162237656908,-0.478094850884099,-0.15547178709691936,1.0
